{"cameraMode":{"drawMode":0,"name":"Shaded","section":"Shading Mode"},"sceneLighting":true,"audioPlay":false,"sceneViewState":{"showFog":true,"showMaterialUpdate":false,"showSkybox":true,"showFlares":true,"showImageEffects":true,"showParticleSystems":true},"in2DMode":false,"pivot":{"x":19.144723892211915,"y":-12.694122314453125,"z":-223.50958251953126},"rotation":{"x":-0.2709710896015167,"y":0.11144285649061203,"z":-0.031600698828697208,"w":-0.9555922746658325},"size":2.7735564708709719,"orthographic":false}